#Dataset,Learning Rate,Regularization Lambda,Learning Cost Threshold,Iterations,Test Accuracy,Test Cost,Parameters
ionosphere,0.005,0.1,0.25,15000,0.8888888888888888,22.450223280944154,1.7890558297746095,0.11304220517598282,1.2413085472892966,0.7522276126065481,1.3536252167018321,0.8108179572157429,0.5379020647259845,0.9216689928423597,0.5981373828454913,0.6203871107421847,-0.270923702349886,0.1174320174868358,0.17971860622910288,0.2875815984889884,0.018460945378683303,0.03792521915355357,-0.09931689761976852,0.3656385546699317,0.002369857001961663,-0.2481598857172039,0.3325675835638816,-0.773151606632906,0.38853585172200567,0.1772403074131594,0.044653688170563303,0.3554602926265984,-0.8769101222092728,-0.2511650841352377,0.5377829926062242,0.21451419975765648,0.30655786046597916,-0.002897996640573965,-0.3204988560076715,-0.7264169273575064,-3.3960412717879107
