#Dataset,Learning Rate,Regularization Lambda,Learning Cost Change Threshold,Iterations,Test Accuracy,Test Cost,Parameters
ionosphere,0.005,0.01,1e-05,2757,0.8888888888888888,1.72063844755272,0.599762234943343,0.7396493372291737,0.8385331469091066,0.8150552925167324,0.9268308215150036,0.5110420125421133,0.9557626065023492,1.0859484624031222,-0.04259414693273187,0.10244686214163316,0.2442619755513203,0.841072219371483,0.4972217361060647,0.3123706716572871,0.15425999765771245,0.18502074147572653,0.02186171961507481,0.5055316795328522,-0.0604113100918636,-0.4635243874857959,0.0073211041972890455,-0.11831372353972464,-0.01807179117227268,-0.16055065123785067,-0.015761489307117158,0.36004537531138026,-0.2408450431251572,-0.09749863707959508,0.6062530488923064,-0.11364063630516805,0.197394978640372,0.40096523587084326,0.29865963317479527,0.15967928296206685,-2.3258036441114136
adult,0.001,1,1e-05,4000,0.7861092678610927,4.8299488404485995,0.01159483409760787,0.2039307076079025,0.30247348644077715,-0.03036309747399351,0.057428092908754114,-0.24926167784698547,-0.10418281417111318,-0.0675386303074184,-0.09896386644318576,0.44450469662617437,0.29110471726546194,0.3439688511510202,0.0037589757796842793,-0.02568412346001035,-1.7100190335612948ionosphere,0.001,0.5,1e-05,10764,0.6666666666666666,45.8237803899465,0.8950424350834426,0.391200537164907,0.3879579764738883,0.42550768595147037,0.9340510351561018,0.7940371932834354,0.12595576971132727,0.7165589751768121,0.32530266663324664,0.610077634261465,-0.18718272684708956,0.29878896862821874,0.2651466091740948,0.5640962213227819,0.21554155432926844,0.21238739550728525,-0.007153827547735383,-0.004397105191122767,0.33747439273935537,0.13284770539450932,0.13230893781996134,-0.0943917051547784,0.19386053948117887,0.19392392265541358,-0.02107665155185642,0.13842183825683174,-0.22567237108634458,0.00871413155800971,0.5445881938635792,-0.13074330613356944,0.4954984213289935,-0.07445056939342692,0.06571750195344642,0.16029735992574365,-1.9978165805766834
