#Dataset,Learning Rate,Regularization Lambda,Learning Cost Change Threshold,Iterations,Test Accuracy,Test Cost,Parameters
ionosphere,0.001,0.01,1e-06,11409,0.8333333333333334,1.7081323001553137,1.0657000097859284,0.3067869665045419,0.5664126309203387,0.4894847518141871,0.7005987629352589,0.6125196740644611,0.7816699177453573,0.9544747220762602,-0.04975163172110353,0.9070905779734264,0.17533586507105886,0.5226165035004959,-0.2638980020163873,0.3112234657065359,0.13807926302488674,0.18994062734281048,0.27814611816717705,0.69508556863975,0.09802401352861961,0.22993248041978748,0.4844469197048288,-0.3865251620272312,0.5206984501500549,0.17737534621115394,0.006562056021262659,0.12455962620094002,-0.029654433600571656,0.22895505402183236,0.3162553546705683,0.1711581420970397,0.19427022329545285,-0.36614923389883375,0.5276219754688963,-0.28951730533906833,-2.7240965084267614
adult,0.001,0.5,0.0001,2980,0.7759345277593452,2.741508399093152,0.012121895683089889,0.34585267759697463,0.14621335219833886,-0.034811135450849455,0.03019320195870645,-0.17022695411800737,-0.12836183787759317,-0.2632297337476659,-0.11457838849035147,0.4566145563664122,0.34247401886924067,0.22766483675390004,0.00667709191951544,-0.025628128750079,-1.1861138976477281
diabetes,0.001,0.03,5e-05,5000,0.6953922426363371,3.7479559607030946,0.373340965930519,0.7315302720151112,0.1272117665759046,0.12421634563392522,0.04291336851185887,-0.03630998515562819,0.023957436642606498,-0.0013411687138768292,0.1854759638392336,-0.028271995030521028,0.1530691815604761,0.2632182148307912,0.23693652519495012,-0.007566491497576875,0.0006817387550651936,0.0025081756714497644,-0.07085707782996284,0.416535447944863,0.6710778911486635,0.1482213096899519,0.04867939368292935,0.33419268176460315,0.9137807255520702,0.18400117835304788,0.04827230560925842,0.12791970513438852,0.419572040604564,0.06381005760421521,0.30182680838202725,0.3216175305234162,0.14348318663507403,0.6396119446177799,0.16197582147646195,0.269962167735924,0.47911456714253575,0.3386865737945634,0.28856709011030895,0.6404761464465673,0.19497143192934266,0.08337031770613437,0.0835574913420986,0.5126013480347935,0.16679798510613486,0.09006069325453187,-3.7903555850940074
